CustomerID,frequency,recency,T,monetary_value
12747.0,10.0,367.0,369.0,375.725
12748.0,112.0,373.0,373.0,257.3149107142857
12749.0,3.0,210.0,213.0,999.1066666666666
12820.0,3.0,323.0,326.0,256.5733333333333
12823.0,4.0,222.0,296.0,252.45000000000002
12826.0,6.0,363.0,365.0,221.99333333333334
12827.0,2.0,39.0,44.0,106.2
12828.0,5.0,128.0,130.0,156.796
12830.0,4.0,134.0,171.0,251.28000000000003
12836.0,3.0,252.0,311.0,541.0233333333334
12839.0,13.0,365.0,367.0,395.7546153846154
12840.0,3.0,83.0,226.0,624.2333333333332
12841.0,23.0,367.0,371.0,156.80565217391305
12843.0,7.0,199.0,264.0,224.27428571428572
12845.0,3.0,23.0,290.0,44.13333333333333
12853.0,2.0,181.0,315.0,688.6500000000001
12854.0,2.0,240.0,318.0,430.12
12856.0,5.0,56.0,63.0,350.428
12867.0,6.0,334.0,360.0,605.3916666666667
12868.0,5.0,188.0,373.0,279.478
12877.0,11.0,355.0,358.0,127.15636363636364
12879.0,2.0,47.0,91.0,147.0
12891.0,2.0,107.0,292.0,15.12
12901.0,22.0,262.0,270.0,155.07545454545453
12909.0,3.0,214.0,253.0,306.5133333333333
12910.0,5.0,218.0,241.0,453.25200000000007
12912.0,4.0,38.0,40.0,299.61
12913.0,4.0,364.0,368.0,424.8425
12916.0,3.0,182.0,320.0,638.9466666666667
12919.0,5.0,161.0,169.0,214.49
12921.0,22.0,364.0,373.0,727.4531818181819
12924.0,3.0,239.0,327.0,236.22000000000003
12928.0,4.0,324.0,359.0,391.28000000000003
12931.0,11.0,336.0,357.0,445.02909090909094
12933.0,2.0,259.0,283.0,247.37
12935.0,5.0,317.0,319.0,340.474
12936.0,2.0,61.0,78.0,127.63499999999999
12937.0,3.0,252.0,267.0,419.84999999999997
12939.0,5.0,270.0,334.0,660.6719999999999
12942.0,2.0,234.0,365.0,199.12
12947.0,5.0,230.0,373.0,235.414
12948.0,6.0,248.0,264.0,280.41166666666663
12949.0,4.0,222.0,252.0,652.06
12950.0,2.0,22.0,24.0,293.85999999999996
12951.0,5.0,322.0,330.0,173.38600000000002
12952.0,2.0,73.0,78.0,316.1
12955.0,10.0,266.0,267.0,404.244
12957.0,6.0,330.0,339.0,592.9233333333333
12963.0,6.0,357.0,365.0,244.0233333333333
12971.0,70.0,369.0,372.0,132.19757142857142
12980.0,8.0,201.0,358.0,270.9
12989.0,12.0,361.0,364.0,327.39166666666665
12990.0,2.0,279.0,310.0,156.0
12993.0,3.0,275.0,298.0,104.99333333333334
12994.0,2.0,264.0,268.0,303.195
12997.0,3.0,295.0,317.0,287.64000000000004
12999.0,2.0,49.0,245.0,50.8
13000.0,2.0,258.0,364.0,152.145
13001.0,12.0,322.0,326.0,580.2591666666666
13003.0,2.0,109.0,214.0,37.5
13004.0,16.0,346.0,357.0,333.31374999999997
13012.0,7.0,285.0,294.0,180.45857142857145
13013.0,11.0,370.0,371.0,293.43454545454546
13014.0,9.0,271.0,281.0,290.55
13015.0,3.0,196.0,249.0,791.1433333333333
13018.0,19.0,279.0,295.0,360.32526315789477
13021.0,7.0,354.0,358.0,338.15857142857146
13026.0,4.0,274.0,275.0,168.6
13027.0,5.0,241.0,354.0,60.48
13029.0,2.0,323.0,353.0,185.75
13037.0,2.0,118.0,256.0,310.57500000000005
13038.0,2.0,210.0,290.0,256.68000000000006
13047.0,7.0,342.0,373.0,402.5157142857143
13048.0,3.0,313.0,327.0,453.3666666666666
13050.0,16.0,352.0,366.0,334.55875
13058.0,2.0,127.0,151.0,111.2
13064.0,3.0,315.0,327.0,295.0133333333333
13069.0,19.0,369.0,369.0,199.31315789473683
13077.0,2.0,365.0,366.0,223.5
13078.0,24.0,363.0,366.0,423.67
13079.0,4.0,136.0,140.0,49.075
13081.0,8.0,360.0,371.0,2973.03125
13082.0,6.0,212.0,338.0,274.38
13089.0,65.0,367.0,369.0,784.8183076923077
13090.0,12.0,364.0,372.0,603.8041666666667
13092.0,4.0,289.0,359.0,77.2425
13093.0,6.0,98.0,373.0,945.665
13094.0,11.0,347.0,368.0,76.94181818181819
13097.0,8.0,328.0,360.0,678.82
13098.0,25.0,316.0,317.0,844.0936
13102.0,19.0,364.0,365.0,309.33947368421053
13104.0,5.0,351.0,354.0,178.032
13107.0,3.0,289.0,333.0,293.87333333333333
13110.0,5.0,280.0,311.0,231.906
13113.0,22.0,366.0,366.0,427.13000000000005
13115.0,3.0,173.0,184.0,461.99333333333334
13117.0,7.0,351.0,372.0,112.95714285714287
13118.0,3.0,269.0,288.0,328.6766666666667
13124.0,2.0,270.0,359.0,1250.3899999999999
13126.0,6.0,362.0,366.0,318.22166666666664
13131.0,2.0,164.0,187.0,365.5
13134.0,3.0,155.0,240.0,430.5133333333333
13136.0,3.0,156.0,212.0,666.0233333333333
13137.0,7.0,298.0,308.0,491.42857142857144
13138.0,5.0,350.0,372.0,153.832
13139.0,5.0,243.0,259.0,910.128
13140.0,2.0,258.0,366.0,128.23
13141.0,3.0,231.0,315.0,620.2133333333334
13145.0,3.0,333.0,372.0,104.24000000000001
13147.0,3.0,89.0,99.0,158.4
13148.0,6.0,335.0,364.0,542.865
13149.0,3.0,275.0,289.0,424.68666666666667
13155.0,3.0,335.0,368.0,192.08666666666667
13157.0,3.0,249.0,298.0,504.18666666666667
13158.0,3.0,224.0,318.0,319.8833333333334
13159.0,3.0,107.0,115.0,328.54
13162.0,3.0,212.0,334.0,314.6366666666667
13167.0,3.0,125.0,143.0,176.6833333333333
13168.0,3.0,282.0,318.0,225.57000000000002
13171.0,2.0,278.0,299.0,127.61500000000001
13174.0,2.0,353.0,369.0,668.955
13178.0,10.0,334.0,360.0,496.171
13183.0,8.0,327.0,334.0,318.70250000000004
13184.0,8.0,276.0,290.0,188.06875
13186.0,2.0,89.0,128.0,306.33500000000004
13196.0,2.0,251.0,262.0,634.375
13198.0,5.0,351.0,361.0,597.298
13199.0,32.0,363.0,366.0,204.15812499999998
13200.0,3.0,107.0,126.0,179.89000000000001
13203.0,3.0,233.0,242.0,228.42
13208.0,5.0,251.0,309.0,210.454
13209.0,5.0,331.0,361.0,1091.3200000000002
13211.0,2.0,351.0,361.0,420.96000000000004
13213.0,3.0,143.0,199.0,357.3666666666666
13217.0,2.0,34.0,156.0,130.05
13220.0,3.0,158.0,236.0,223.04666666666665
13225.0,6.0,358.0,361.0,404.76
13230.0,12.0,361.0,365.0,212.67333333333332
13232.0,6.0,231.0,243.0,199.90666666666667
13238.0,3.0,343.0,360.0,184.1866666666667
13240.0,3.0,269.0,365.0,142.27
13246.0,5.0,312.0,330.0,219.502
13247.0,3.0,65.0,82.0,65.35000000000001
13249.0,2.0,169.0,261.0,107.435
13258.0,2.0,194.0,205.0,234.08
13263.0,32.0,324.0,325.0,227.33125
13265.0,4.0,220.0,273.0,359.89
13266.0,11.0,245.0,256.0,266.76545454545453
13267.0,13.0,364.0,366.0,318.13384615384615
13268.0,9.0,250.0,267.0,281.4088888888889
13269.0,12.0,368.0,369.0,406.2008333333333
13277.0,3.0,118.0,133.0,60.833333333333336
13280.0,2.0,215.0,337.0,257.57
13282.0,2.0,202.0,220.0,367.92
13285.0,3.0,267.0,290.0,672.2933333333334
13297.0,2.0,60.0,67.0,363.41499999999996
13301.0,3.0,189.0,292.0,147.95666666666668
13305.0,9.0,368.0,372.0,194.85222222222222
13308.0,2.0,181.0,203.0,286.36
13309.0,4.0,301.0,308.0,272.3675
13310.0,2.0,296.0,324.0,356.57500000000005
13313.0,4.0,317.0,339.0,312.005
13314.0,2.0,72.0,73.0,136.32500000000002
13316.0,3.0,217.0,254.0,882.0433333333334
13317.0,3.0,292.0,358.0,661.23
13318.0,2.0,36.0,37.0,158.16
13319.0,16.0,360.0,365.0,608.9350000000001
13320.0,2.0,135.0,213.0,526.285
13323.0,4.0,81.0,84.0,154.1375
13324.0,5.0,324.0,360.0,776.234
13327.0,6.0,327.0,365.0,470.81166666666667
13330.0,2.0,223.0,315.0,402.40999999999997
13334.0,2.0,223.0,305.0,933.845
13340.0,4.0,231.0,276.0,1254.4924999999998
13362.0,3.0,278.0,287.0,749.3866666666667
13373.0,2.0,216.0,276.0,1148.875
13376.0,2.0,135.0,234.0,281.21500000000003
13379.0,2.0,110.0,136.0,231.54999999999998
13381.0,5.0,267.0,298.0,640.92
13384.0,5.0,148.0,178.0,509.238
13389.0,2.0,221.0,232.0,263.21
13394.0,7.0,308.0,309.0,324.17142857142863
13397.0,4.0,267.0,339.0,281.9825
13405.0,2.0,243.0,317.0,193.11
13408.0,40.0,372.0,373.0,520.38925
13410.0,4.0,267.0,291.0,188.20499999999998
13414.0,2.0,163.0,296.0,297.21
13418.0,12.0,361.0,372.0,421.2325
13425.0,2.0,186.0,294.0,554.6700000000001
13426.0,9.0,359.0,359.0,359.72222222222223
13427.0,2.0,196.0,215.0,174.8
13429.0,3.0,65.0,75.0,234.34333333333333
13435.0,6.0,184.0,189.0,515.2816666666666
13437.0,6.0,176.0,190.0,317.2516666666667
13447.0,2.0,12.0,35.0,450.56000000000006
13448.0,4.0,357.0,373.0,762.0525
13450.0,5.0,192.0,218.0,287.88
13451.0,4.0,308.0,334.0,641.31
13456.0,5.0,190.0,207.0,282.512
13458.0,13.0,352.0,359.0,635.446923076923
13461.0,2.0,125.0,163.0,283.44
13468.0,35.0,372.0,373.0,146.96057142857143
13471.0,3.0,46.0,47.0,518.0566666666667
13475.0,3.0,107.0,298.0,356.90000000000003
13477.0,5.0,254.0,291.0,250.17
13481.0,3.0,211.0,256.0,379.76
13486.0,2.0,77.0,155.0,458.155
13487.0,2.0,296.0,353.0,191.125
13488.0,11.0,350.0,367.0,654.199090909091
13489.0,3.0,189.0,294.0,58.76
13491.0,9.0,321.0,372.0,125.36555555555555
13495.0,4.0,361.0,368.0,383.48
13499.0,4.0,252.0,269.0,212.615
13500.0,2.0,99.0,122.0,410.65999999999997
13502.0,2.0,307.0,323.0,91.09
13507.0,3.0,142.0,145.0,411.84999999999997
13509.0,6.0,276.0,284.0,111.17666666666668
13510.0,3.0,182.0,183.0,396.6933333333334
13515.0,3.0,175.0,247.0,227.4466666666667
13516.0,2.0,217.0,238.0,341.69500000000005
13517.0,2.0,120.0,179.0,508.495
13521.0,2.0,9.0,10.0,398.92
13523.0,3.0,333.0,366.0,933.1700000000001
13524.0,4.0,179.0,219.0,126.995
13527.0,5.0,293.0,326.0,443.1
13534.0,17.0,356.0,358.0,327.8458823529412
13536.0,6.0,74.0,75.0,471.02
13538.0,6.0,272.0,315.0,185.67500000000004
13539.0,2.0,224.0,309.0,221.72
13546.0,2.0,188.0,200.0,216.20499999999998
13549.0,6.0,217.0,242.0,117.94166666666666
13552.0,7.0,249.0,315.0,458.8528571428572
13558.0,3.0,63.0,68.0,133.09333333333333
13562.0,2.0,164.0,245.0,599.59
13564.0,2.0,224.0,368.0,313.84000000000003
13571.0,11.0,241.0,253.0,179.89818181818183
13575.0,4.0,153.0,176.0,159.76
13576.0,17.0,363.0,373.0,260.39
13577.0,3.0,216.0,241.0,442.2833333333333
13588.0,8.0,240.0,255.0,295.1275
13590.0,5.0,292.0,303.0,288.01599999999996
13591.0,2.0,202.0,266.0,312.265
13592.0,3.0,229.0,264.0,48.24666666666667
13593.0,4.0,228.0,336.0,365.6825
13599.0,14.0,365.0,366.0,319.2921428571429
13606.0,2.0,282.0,311.0,101.38
13610.0,6.0,273.0,285.0,145.67333333333332
13611.0,2.0,270.0,359.0,429.345
13614.0,3.0,306.0,330.0,445.76
13617.0,2.0,140.0,180.0,204.82999999999998
13623.0,4.0,267.0,297.0,135.6875
13627.0,4.0,298.0,357.0,289.06
13629.0,10.0,315.0,338.0,270.755
13630.0,6.0,280.0,285.0,195.97333333333333
13631.0,6.0,168.0,267.0,268.37
13632.0,4.0,219.0,243.0,454.8375
13634.0,4.0,294.0,327.0,294.7625
13636.0,4.0,249.0,285.0,196.665
13637.0,2.0,174.0,226.0,193.95
13643.0,2.0,154.0,185.0,215.77
13644.0,3.0,89.0,105.0,561.3933333333333
13647.0,3.0,225.0,234.0,394.84666666666664
13650.0,4.0,251.0,267.0,357.2825
13652.0,2.0,323.0,368.0,394.34000000000003
13654.0,4.0,230.0,273.0,589.705
13658.0,2.0,195.0,204.0,802.085
13662.0,2.0,174.0,259.0,313.88
13668.0,20.0,360.0,362.0,265.06350000000003
13680.0,3.0,338.0,339.0,814.1033333333334
13681.0,3.0,138.0,155.0,208.22333333333336
13685.0,5.0,58.0,60.0,24.356
13692.0,2.0,212.0,236.0,303.14
13694.0,34.0,370.0,373.0,801.8876470588235
13695.0,13.0,228.0,259.0,159.19615384615386
13700.0,7.0,301.0,327.0,283.8014285714286
13704.0,8.0,83.0,88.0,278.445
13705.0,2.0,366.0,373.0,196.86
13709.0,7.0,312.0,315.0,767.8271428571428
13715.0,3.0,91.0,372.0,268.8966666666667
13717.0,5.0,266.0,298.0,228.224
13719.0,4.0,219.0,234.0,215.6025
13720.0,3.0,138.0,254.0,154.96666666666667
13725.0,7.0,259.0,308.0,146.15571428571428
13728.0,5.0,274.0,310.0,169.81199999999998
13735.0,3.0,210.0,234.0,600.8733333333333
13741.0,2.0,146.0,217.0,238.13500000000002
13742.0,10.0,304.0,320.0,250.50699999999998
13743.0,6.0,257.0,259.0,155.32
13748.0,3.0,278.0,373.0,226.74
13750.0,4.0,283.0,336.0,207.425
13752.0,5.0,122.0,246.0,164.94
13755.0,7.0,60.0,63.0,232.41857142857143
13756.0,11.0,365.0,367.0,373.7418181818182
13758.0,6.0,362.0,373.0,423.11999999999995
13764.0,2.0,267.0,337.0,516.865
13767.0,30.0,371.0,373.0,422.78866666666664
13769.0,8.0,365.0,367.0,293.23125
13771.0,2.0,183.0,247.0,855.48
13772.0,2.0,206.0,239.0,446.19500000000005
13777.0,23.0,373.0,373.0,377.37652173913045
13782.0,5.0,315.0,327.0,139.712
13784.0,10.0,323.0,332.0,147.89600000000002
13798.0,52.0,371.0,372.0,373.95403846153846
13802.0,2.0,173.0,311.0,1083.21
13804.0,5.0,259.0,289.0,379.572
13808.0,4.0,91.0,96.0,284.985
13819.0,2.0,18.0,319.0,324.435
13824.0,4.0,278.0,310.0,299.49
13827.0,2.0,86.0,143.0,133.48000000000002
13831.0,5.0,353.0,369.0,306.338
13835.0,3.0,190.0,215.0,164.67999999999998
13838.0,2.0,364.0,369.0,218.465
13842.0,8.0,308.0,366.0,362.105
13846.0,2.0,336.0,360.0,222.53
13848.0,2.0,274.0,366.0,39.42
13851.0,2.0,193.0,288.0,754.48
13854.0,24.0,357.0,365.0,284.34
13856.0,2.0,35.0,203.0,65.87
13860.0,3.0,85.0,86.0,275.3
13862.0,7.0,314.0,332.0,254.39714285714285
13865.0,3.0,231.0,289.0,123.25333333333333
13867.0,2.0,187.0,218.0,430.395
13869.0,3.0,234.0,357.0,914.11
13870.0,5.0,285.0,287.0,383.462
13871.0,11.0,286.0,308.0,534.2636363636364
13873.0,2.0,190.0,309.0,133.51
13875.0,4.0,248.0,301.0,359.41
13880.0,9.0,346.0,367.0,341.36888888888893
13881.0,15.0,308.0,311.0,576.5373333333333
13882.0,4.0,62.0,64.0,235.695
13883.0,2.0,243.0,253.0,808.085
13884.0,3.0,276.0,283.0,211.3166666666667
13890.0,8.0,357.0,358.0,212.32125
13892.0,3.0,220.0,246.0,159.61666666666665
13895.0,3.0,136.0,164.0,709.79
13900.0,2.0,79.0,262.0,188.46
13901.0,4.0,246.0,318.0,650.98
13908.0,3.0,197.0,276.0,589.2466666666667
13911.0,8.0,251.0,308.0,246.26749999999998
13924.0,5.0,71.0,72.0,236.746
13925.0,2.0,42.0,134.0,116.47999999999999
13928.0,3.0,123.0,133.0,114.85666666666667
13939.0,2.0,288.0,311.0,208.04
13940.0,3.0,127.0,144.0,202.84
13941.0,4.0,351.0,372.0,620.96
13946.0,2.0,188.0,267.0,120.66
13949.0,5.0,92.0,94.0,374.924
13950.0,3.0,235.0,246.0,183.54999999999998
13951.0,2.0,118.0,294.0,218.60500000000002
13953.0,6.0,345.0,352.0,89.28000000000002
13956.0,4.0,266.0,271.0,214.76250000000002
13959.0,2.0,283.0,362.0,191.895
13963.0,3.0,59.0,367.0,165.82666666666668
13969.0,16.0,358.0,365.0,500.99125
13971.0,7.0,267.0,285.0,346.92571428571426
13975.0,4.0,245.0,276.0,459.645
13982.0,3.0,326.0,365.0,479.62999999999994
13983.0,9.0,337.0,366.0,151.88222222222223
13984.0,4.0,340.0,366.0,81.14750000000001
13985.0,14.0,260.0,264.0,475.38214285714287
13988.0,5.0,235.0,254.0,676.634
13991.0,4.0,131.0,143.0,182.875
13993.0,8.0,288.0,330.0,354.43875
13994.0,5.0,145.0,148.0,399.066
13995.0,4.0,230.0,245.0,270.36
13999.0,11.0,351.0,361.0,326.97
14001.0,2.0,328.0,373.0,562.22
14004.0,6.0,245.0,288.0,576.3000000000001
14005.0,4.0,206.0,215.0,522.93
14006.0,2.0,197.0,312.0,232.34999999999997
14013.0,2.0,165.0,275.0,180.86
14019.0,2.0,92.0,138.0,428.72
14021.0,2.0,101.0,256.0,212.15
14030.0,6.0,348.0,366.0,271.675
14031.0,16.0,365.0,372.0,644.075625
14032.0,10.0,364.0,366.0,254.64499999999998
14035.0,4.0,269.0,297.0,268.1275
14038.0,2.0,129.0,207.0,422.03000000000003
14040.0,10.0,291.0,331.0,318.943
14044.0,3.0,283.0,309.0,156.09
14045.0,2.0,264.0,373.0,411.3
14047.0,4.0,364.0,372.0,255.4225
14049.0,3.0,301.0,317.0,1488.8233333333335
14051.0,21.0,366.0,366.0,673.7519047619048
14056.0,22.0,283.0,284.0,345.3068181818182
14057.0,13.0,337.0,360.0,362.85615384615386
14060.0,18.0,368.0,372.0,273.1922222222222
14062.0,10.0,355.0,364.0,606.367
14064.0,4.0,245.0,274.0,200.39249999999998
14071.0,6.0,261.0,264.0,192.97
14075.0,2.0,257.0,261.0,301.33000000000004
14077.0,4.0,234.0,274.0,89.845
14078.0,5.0,272.0,373.0,182.66199999999998
14083.0,7.0,367.0,371.0,102.3342857142857
14085.0,15.0,366.0,368.0,268.76733333333334
14088.0,11.0,312.0,322.0,3352.988181818182
14092.0,11.0,351.0,358.0,347.86
14096.0,16.0,97.0,101.0,3012.454375
14099.0,10.0,338.0,354.0,264.17
14101.0,5.0,253.0,326.0,387.73400000000004
14102.0,4.0,39.0,44.0,208.1825
14107.0,6.0,313.0,364.0,385.9666666666667
14110.0,11.0,263.0,266.0,347.5209090909091
14111.0,3.0,227.0,241.0,142.53333333333333
14112.0,4.0,253.0,275.0,569.9625
14113.0,3.0,351.0,354.0,352.9066666666667
14116.0,4.0,102.0,121.0,261.9425
14121.0,3.0,56.0,59.0,836.2333333333332
14125.0,2.0,68.0,78.0,701.21
14127.0,2.0,188.0,310.0,197.54000000000002
14129.0,3.0,259.0,260.0,254.98666666666668
14132.0,10.0,181.0,183.0,314.661
14135.0,13.0,371.0,372.0,273.58307692307693
14141.0,3.0,103.0,105.0,209.99
14145.0,3.0,171.0,217.0,415.8
14146.0,3.0,349.0,357.0,953.9533333333333
14159.0,10.0,343.0,362.0,461.85599999999994
14161.0,2.0,154.0,369.0,403.46500000000003
14163.0,3.0,152.0,239.0,541.2800000000001
14167.0,3.0,292.0,331.0,140.23
14173.0,2.0,209.0,219.0,160.6
14175.0,2.0,270.0,329.0,1367.17
14176.0,2.0,70.0,367.0,205.77500000000003
14177.0,2.0,93.0,179.0,218.42000000000002
14178.0,6.0,174.0,182.0,246.58833333333337
14180.0,23.0,362.0,372.0,162.66826086956522
14188.0,5.0,280.0,310.0,331.896
14189.0,13.0,366.0,368.0,338.07384615384615
14191.0,12.0,219.0,220.0,379.34
14194.0,14.0,304.0,308.0,750.1971428571429
14198.0,3.0,221.0,239.0,161.9
14201.0,6.0,299.0,359.0,110.49666666666667
14209.0,5.0,322.0,332.0,332.142
14210.0,5.0,266.0,371.0,314.348
14211.0,8.0,242.0,295.0,254.58375
14214.0,4.0,247.0,277.0,97.2225
14215.0,5.0,357.0,368.0,323.97400000000005
14216.0,3.0,34.0,37.0,435.85999999999996
14217.0,15.0,365.0,366.0,118.762
14221.0,6.0,297.0,339.0,493.795
14223.0,2.0,172.0,264.0,338.81
14224.0,3.0,210.0,320.0,245.26
14226.0,4.0,241.0,269.0,296.5075
14227.0,5.0,258.0,284.0,520.982
14229.0,2.0,282.0,333.0,487.76
14231.0,2.0,105.0,288.0,276.93
14232.0,4.0,222.0,264.0,324.3675
14233.0,3.0,268.0,317.0,391.1433333333334
14234.0,3.0,35.0,57.0,134.10666666666665
14235.0,3.0,185.0,260.0,590.4499999999999
14239.0,10.0,273.0,316.0,218.19700000000003
14243.0,9.0,357.0,365.0,258.8277777777778
14246.0,2.0,135.0,245.0,498.95000000000005
14251.0,4.0,56.0,57.0,363.65999999999997
14257.0,4.0,254.0,318.0,538.8050000000001
14258.0,7.0,328.0,337.0,906.2514285714286
14262.0,7.0,232.0,240.0,336.67857142857144
14273.0,3.0,191.0,242.0,149.05666666666667
14276.0,2.0,191.0,289.0,389.27
14282.0,14.0,364.0,367.0,212.57714285714286
14285.0,3.0,155.0,176.0,556.4733333333334
14286.0,2.0,219.0,242.0,1250.905
14289.0,5.0,281.0,289.0,116.104
14290.0,4.0,350.0,361.0,382.27250000000004
14291.0,6.0,274.0,275.0,479.24666666666667
14292.0,5.0,275.0,282.0,694.34
14293.0,3.0,365.0,368.0,228.89333333333335
14297.0,3.0,257.0,274.0,351.33666666666664
14298.0,24.0,352.0,360.0,1691.7175
14299.0,8.0,357.0,365.0,397.98125
14305.0,2.0,64.0,135.0,410.14
14307.0,4.0,285.0,373.0,538.815
14309.0,8.0,350.0,358.0,252.2
14312.0,5.0,291.0,337.0,256.046
14315.0,5.0,222.0,266.0,374.88599999999997
14321.0,4.0,323.0,333.0,326.4125
14329.0,5.0,312.0,329.0,658.646
14332.0,2.0,125.0,147.0,368.595
14334.0,7.0,342.0,358.0,319.5142857142857
14336.0,3.0,260.0,276.0,354.19
14341.0,4.0,273.0,318.0,452.8
14342.0,3.0,189.0,210.0,103.30666666666666
14344.0,7.0,241.0,368.0,73.13428571428571
14352.0,2.0,116.0,273.0,397.68
14359.0,2.0,68.0,87.0,208.17
14360.0,2.0,63.0,94.0,463.345
14364.0,6.0,103.0,211.0,338.15333333333336
14367.0,12.0,268.0,276.0,667.8358333333333
14383.0,2.0,125.0,163.0,466.12
14385.0,2.0,14.0,23.0,73.475
14387.0,2.0,77.0,109.0,641.02
14388.0,7.0,362.0,372.0,408.54285714285714
14390.0,7.0,362.0,372.0,625.5914285714287
14395.0,8.0,370.0,372.0,397.74375
14397.0,18.0,211.0,213.0,123.85000000000001
14401.0,12.0,355.0,359.0,305.82166666666666
14403.0,3.0,117.0,247.0,138.95666666666668
14404.0,5.0,336.0,369.0,259.544
14407.0,5.0,169.0,276.0,298.804
14408.0,6.0,254.0,264.0,348.955
14409.0,4.0,297.0,368.0,323.17
14410.0,6.0,213.0,305.0,161.11333333333332
14414.0,6.0,267.0,358.0,214.09333333333333
14415.0,12.0,359.0,360.0,413.78583333333336
14418.0,2.0,105.0,108.0,892.7
14419.0,5.0,354.0,364.0,186.502
14422.0,5.0,267.0,267.0,753.4639999999999
14426.0,6.0,289.0,312.0,557.67
14428.0,4.0,318.0,325.0,227.6175
14432.0,5.0,80.0,89.0,403.098
14434.0,5.0,51.0,72.0,195.48
14440.0,4.0,357.0,365.0,406.32
14441.0,3.0,255.0,255.0,428.2833333333333
14443.0,3.0,315.0,368.0,363.48333333333335
14446.0,3.0,246.0,246.0,253.21333333333337
14447.0,3.0,262.0,280.0,299.41
14449.0,3.0,354.0,372.0,237.81000000000003
14450.0,2.0,140.0,320.0,163.02
14456.0,7.0,137.0,142.0,429.0242857142857
14460.0,2.0,200.0,310.0,149.1
14461.0,2.0,113.0,261.0,626.62
14462.0,8.0,273.0,339.0,229.65
14463.0,2.0,107.0,205.0,184.0
14466.0,6.0,343.0,372.0,281.15833333333336
14467.0,3.0,295.0,312.0,153.05333333333334
14472.0,7.0,252.0,355.0,225.3685714285714
14475.0,2.0,233.0,304.0,301.6
14477.0,3.0,278.0,297.0,185.0533333333333
14482.0,5.0,221.0,239.0,258.07
14487.0,4.0,342.0,368.0,257.9525
14493.0,4.0,148.0,155.0,436.9125
14498.0,4.0,319.0,361.0,399.255
14499.0,2.0,252.0,278.0,346.49
14500.0,2.0,101.0,189.0,27.5
14502.0,8.0,294.0,313.0,285.71000000000004
14503.0,5.0,175.0,178.0,570.322
14504.0,3.0,231.0,278.0,170.61
14505.0,7.0,345.0,362.0,675.9285714285714
14506.0,4.0,352.0,369.0,430.445
14507.0,4.0,253.0,276.0,225.9575
14511.0,4.0,122.0,133.0,286.8525
14513.0,2.0,188.0,288.0,147.96
14514.0,2.0,270.0,331.0,386.815
14515.0,4.0,201.0,218.0,402.41499999999996
14522.0,3.0,174.0,198.0,178.41
14524.0,5.0,329.0,360.0,291.848
14525.0,8.0,342.0,361.0,417.325
14527.0,53.0,367.0,369.0,141.1511320754717
14529.0,2.0,50.0,110.0,239.315
14530.0,5.0,271.0,296.0,411.84400000000005
14532.0,3.0,116.0,352.0,235.68333333333337
14533.0,6.0,328.0,352.0,197.77666666666667
14534.0,17.0,316.0,318.0,233.79999999999998
14535.0,2.0,188.0,248.0,1009.0050000000001
14540.0,2.0,300.0,309.0,394.19500000000005
14541.0,6.0,261.0,319.0,216.82000000000002
14543.0,14.0,336.0,364.0,217.52357142857144
14546.0,4.0,243.0,248.0,501.80500000000006
14547.0,7.0,51.0,54.0,489.55
14553.0,3.0,320.0,339.0,160.98333333333332
14554.0,3.0,42.0,52.0,641.5766666666667
14560.0,19.0,350.0,357.0,83.51789473684211
14561.0,2.0,109.0,184.0,424.28999999999996
14562.0,16.0,301.0,304.0,287.23375
14565.0,3.0,266.0,361.0,598.2033333333333
14572.0,6.0,321.0,324.0,394.97
14573.0,7.0,193.0,372.0,152.70000000000002
14577.0,3.0,350.0,362.0,170.93666666666664
14583.0,4.0,200.0,205.0,225.54000000000002
14584.0,3.0,29.0,198.0,256.63
14587.0,8.0,313.0,331.0,167.465
14592.0,2.0,29.0,64.0,149.625
14595.0,5.0,294.0,313.0,311.822
14606.0,88.0,372.0,373.0,125.30295454545454
14607.0,6.0,246.0,261.0,834.17
14608.0,3.0,358.0,362.0,480.05
14609.0,3.0,224.0,296.0,15.12
14616.0,2.0,75.0,317.0,84.24000000000001
14618.0,2.0,328.0,337.0,155.62
14621.0,4.0,357.0,358.0,355.98
14623.0,4.0,203.0,235.0,169.0325
14626.0,3.0,210.0,233.0,702.1666666666666
14631.0,2.0,248.0,298.0,332.12
14639.0,3.0,309.0,361.0,740.32
14640.0,5.0,203.0,227.0,327.588
14649.0,2.0,208.0,212.0,400.90500000000003
14653.0,5.0,337.0,338.0,307.288
14655.0,3.0,214.0,222.0,358.8333333333333
14657.0,3.0,309.0,326.0,143.08
14659.0,8.0,307.0,315.0,240.75125
14662.0,3.0,288.0,316.0,224.01333333333332
14665.0,3.0,250.0,310.0,466.26666666666665
14667.0,22.0,358.0,368.0,375.2459090909091
14673.0,4.0,364.0,367.0,333.9775
14676.0,5.0,252.0,283.0,296.096
14680.0,15.0,346.0,371.0,925.8173333333333
14684.0,4.0,337.0,362.0,271.83500000000004
14688.0,19.0,366.0,373.0,260.6742105263158
14691.0,3.0,182.0,212.0,553.96
14692.0,3.0,185.0,322.0,110.64999999999999
14696.0,6.0,369.0,373.0,299.1033333333333
14698.0,4.0,50.0,51.0,184.23000000000002
14700.0,2.0,206.0,238.0,736.4749999999999
14701.0,6.0,306.0,316.0,297.6616666666667
14702.0,16.0,364.0,365.0,175.4475
14704.0,8.0,169.0,180.0,178.9125
14708.0,2.0,366.0,368.0,312.975
14709.0,11.0,343.0,358.0,418.5072727272727
14710.0,3.0,45.0,59.0,145.02333333333334
14711.0,10.0,252.0,262.0,198.494
14712.0,2.0,83.0,112.0,400.675
14713.0,10.0,356.0,365.0,233.15900000000002
14715.0,3.0,307.0,331.0,234.92
14719.0,4.0,248.0,249.0,342.8725
14720.0,2.0,121.0,126.0,241.33
14723.0,4.0,361.0,371.0,227.04250000000002
14730.0,6.0,275.0,276.0,275.18833333333333
14731.0,2.0,165.0,212.0,124.36
14732.0,7.0,331.0,339.0,345.6328571428572
14733.0,11.0,351.0,367.0,664.21
14735.0,19.0,355.0,358.0,301.8757894736842
14737.0,2.0,350.0,353.0,360.17499999999995
14738.0,6.0,274.0,316.0,181.29833333333332
14739.0,6.0,363.0,367.0,358.37999999999994
14740.0,2.0,86.0,283.0,453.28
14741.0,5.0,361.0,372.0,228.548
14744.0,5.0,350.0,366.0,118.01599999999999
14745.0,3.0,173.0,285.0,322.7133333333333
14748.0,3.0,339.0,368.0,324.83666666666664
14755.0,10.0,325.0,334.0,439.1530000000001
14758.0,3.0,115.0,259.0,252.73666666666668
14759.0,2.0,228.0,232.0,517.11
14765.0,2.0,147.0,176.0,83.865
14766.0,5.0,358.0,366.0,460.13800000000003
14769.0,7.0,355.0,357.0,1429.3442857142857
14775.0,2.0,314.0,372.0,305.25
14776.0,8.0,261.0,312.0,217.43249999999998
14779.0,2.0,43.0,323.0,46.85
14790.0,3.0,237.0,253.0,200.11333333333334
14794.0,6.0,332.0,334.0,187.89
14796.0,16.0,365.0,366.0,456.46750000000003
14798.0,2.0,258.0,310.0,49.03
14800.0,11.0,322.0,369.0,336.39363636363635
14803.0,2.0,130.0,292.0,134.655
14805.0,3.0,298.0,313.0,146.05
14808.0,5.0,133.0,172.0,333.744
14810.0,10.0,329.0,369.0,189.526
14818.0,2.0,180.0,253.0,230.5
14820.0,3.0,152.0,173.0,122.50666666666667
14824.0,3.0,81.0,91.0,198.09333333333333
14825.0,11.0,365.0,368.0,182.2327272727273
14828.0,2.0,140.0,336.0,430.16
14829.0,3.0,343.0,372.0,151.84666666666666
14834.0,5.0,223.0,240.0,280.154
14836.0,2.0,20.0,30.0,13.2
14837.0,3.0,112.0,201.0,394.70666666666665
14841.0,5.0,305.0,358.0,563.98
14842.0,3.0,265.0,308.0,834.1266666666667
14844.0,3.0,178.0,241.0,591.86
14849.0,12.0,352.0,373.0,610.8158333333333
14852.0,4.0,194.0,252.0,567.61
14854.0,6.0,196.0,274.0,355.26
14859.0,2.0,192.0,204.0,509.55
14866.0,10.0,356.0,366.0,684.9559999999999
14867.0,2.0,151.0,336.0,203.32
14868.0,6.0,230.0,233.0,411.1933333333333
14871.0,3.0,357.0,360.0,127.71666666666668
14878.0,8.0,346.0,358.0,140.4975
14880.0,2.0,211.0,288.0,280.345
14883.0,4.0,193.0,211.0,116.47749999999999
14895.0,10.0,283.0,290.0,823.7299999999999
14897.0,3.0,289.0,296.0,376.0933333333333
14898.0,5.0,348.0,371.0,198.69799999999998
14901.0,8.0,361.0,372.0,141.03375
14903.0,4.0,257.0,278.0,556.4475
14907.0,5.0,364.0,367.0,553.4060000000001
14910.0,3.0,52.0,54.0,72.58666666666666
14913.0,3.0,324.0,359.0,314.32666666666665
14916.0,3.0,254.0,324.0,336.40333333333336
14944.0,6.0,267.0,296.0,826.1966666666667
14948.0,5.0,196.0,219.0,163.554
14952.0,7.0,305.0,364.0,928.9057142857143
14958.0,2.0,98.0,245.0,119.09
14959.0,3.0,232.0,296.0,172.25333333333333
14961.0,7.0,350.0,360.0,793.7157142857143
14963.0,4.0,174.0,183.0,263.64250000000004
14970.0,3.0,248.0,316.0,417.58666666666664
14973.0,2.0,118.0,225.0,246.7
14976.0,4.0,269.0,326.0,154.615
14978.0,4.0,258.0,330.0,400.49
14997.0,2.0,132.0,178.0,165.45999999999998
15002.0,3.0,252.0,367.0,333.87
15005.0,27.0,351.0,366.0,223.46962962962965
15009.0,2.0,13.0,25.0,330.225
15018.0,2.0,329.0,367.0,164.68
15021.0,7.0,358.0,366.0,241.43714285714285
15022.0,2.0,36.0,47.0,265.27500000000003
15023.0,10.0,366.0,369.0,591.644
15024.0,6.0,358.0,367.0,195.495
15026.0,2.0,197.0,277.0,185.26
15027.0,3.0,208.0,238.0,181.61666666666667
15028.0,2.0,360.0,368.0,219.02
15031.0,3.0,278.0,282.0,150.64333333333335
15033.0,9.0,325.0,329.0,222.26333333333335
15034.0,6.0,338.0,353.0,534.555
15036.0,2.0,107.0,179.0,205.65
15038.0,5.0,311.0,369.0,110.98400000000001
15039.0,41.0,359.0,368.0,441.50853658536585
15044.0,14.0,343.0,362.0,477.5364285714286
15046.0,14.0,329.0,338.0,260.3342857142857
15048.0,3.0,303.0,368.0,95.91333333333334
15051.0,2.0,127.0,150.0,504.455
15053.0,2.0,277.0,281.0,245.01999999999998
15058.0,7.0,287.0,312.0,254.44571428571427
15059.0,6.0,294.0,334.0,189.35833333333335
15061.0,28.0,369.0,372.0,854.1946428571429
15062.0,3.0,288.0,359.0,261.78666666666663
15065.0,3.0,254.0,291.0,667.5733333333334
15073.0,2.0,177.0,186.0,306.21500000000003
15078.0,19.0,361.0,368.0,486.54
15079.0,2.0,153.0,365.0,328.655
15081.0,4.0,345.0,367.0,92.3375
15089.0,5.0,118.0,128.0,232.246
15093.0,5.0,354.0,372.0,629.3979999999999
15095.0,2.0,100.0,203.0,271.4
15100.0,2.0,40.0,373.0,204.0
15105.0,4.0,116.0,134.0,437.07750000000004
15106.0,4.0,252.0,269.0,255.85750000000002
15107.0,5.0,61.0,372.0,36.519999999999996
15110.0,3.0,295.0,318.0,212.58333333333334
15111.0,2.0,343.0,372.0,636.19
15113.0,2.0,45.0,54.0,543.7
15114.0,9.0,271.0,301.0,281.2388888888889
15116.0,3.0,187.0,204.0,273.7133333333333
15117.0,4.0,201.0,215.0,273.5625
15122.0,2.0,183.0,297.0,614.9200000000001
15125.0,9.0,245.0,270.0,530.7844444444444
15128.0,3.0,159.0,219.0,342.6133333333334
15129.0,9.0,241.0,291.0,262.5755555555555
15132.0,4.0,244.0,262.0,163.49
15133.0,2.0,174.0,301.0,274.09000000000003
15134.0,7.0,226.0,240.0,182.10999999999999
15136.0,2.0,94.0,96.0,351.9
15140.0,5.0,212.0,264.0,338.748
15144.0,13.0,304.0,312.0,478.28615384615387
15145.0,3.0,244.0,248.0,254.47333333333336
15150.0,9.0,252.0,269.0,523.8366666666666
15152.0,12.0,178.0,187.0,327.5425
15156.0,2.0,32.0,33.0,304.595
15157.0,2.0,355.0,358.0,426.83500000000004
15159.0,18.0,360.0,361.0,927.8522222222223
15164.0,2.0,271.0,339.0,330.155
15172.0,4.0,228.0,236.0,320.275
15179.0,4.0,301.0,319.0,229.4325
15181.0,2.0,203.0,269.0,161.09999999999997
15187.0,13.0,211.0,212.0,289.33846153846156
15189.0,37.0,331.0,332.0,328.92972972972973
15192.0,2.0,246.0,365.0,357.34000000000003
15194.0,14.0,365.0,368.0,458.3621428571428
15197.0,2.0,348.0,358.0,259.045
15199.0,3.0,249.0,308.0,227.0
15201.0,3.0,160.0,247.0,286.9266666666667
15203.0,5.0,286.0,311.0,326.17600000000004
15206.0,3.0,265.0,275.0,134.20000000000002
15208.0,4.0,352.0,353.0,192.9175
15214.0,7.0,241.0,242.0,162.0142857142857
15218.0,8.0,308.0,318.0,501.72625
15220.0,5.0,229.0,280.0,284.348
15227.0,3.0,281.0,317.0,267.3633333333333
15228.0,3.0,228.0,294.0,758.6333333333332
15235.0,9.0,156.0,373.0,240.76999999999998
15237.0,3.0,226.0,227.0,158.38333333333333
15238.0,2.0,155.0,184.0,329.53499999999997
15240.0,4.0,267.0,311.0,350.045
15241.0,7.0,217.0,283.0,197.14857142857142
15245.0,2.0,127.0,261.0,542.78
15249.0,11.0,225.0,256.0,516.8136363636363
15251.0,9.0,232.0,241.0,572.5533333333333
15253.0,2.0,153.0,169.0,366.95
15260.0,5.0,272.0,372.0,274.11400000000003
15267.0,4.0,160.0,182.0,76.95
15270.0,4.0,295.0,310.0,218.2475
15271.0,14.0,358.0,365.0,165.77785714285713
15281.0,8.0,275.0,333.0,188.69625
15288.0,4.0,322.0,365.0,528.8425
15289.0,2.0,220.0,249.0,250.965
15290.0,16.0,355.0,359.0,421.75625
15291.0,14.0,348.0,373.0,254.80285714285716
15296.0,5.0,276.0,326.0,481.216
15297.0,2.0,53.0,63.0,205.74
15298.0,10.0,364.0,366.0,348.654
15299.0,3.0,305.0,372.0,121.87333333333333
15301.0,9.0,318.0,368.0,426.3488888888889
15304.0,7.0,308.0,368.0,63.90714285714286
15306.0,2.0,84.0,148.0,409.44000000000005
15311.0,89.0,373.0,373.0,421.88157303370787
15312.0,3.0,279.0,354.0,211.70333333333335
15329.0,2.0,132.0,171.0,356.1
15334.0,2.0,17.0,173.0,118.785
15344.0,2.0,74.0,74.0,102.375
15351.0,6.0,357.0,369.0,278.7483333333334
15356.0,9.0,337.0,368.0,291.26
15358.0,14.0,361.0,365.0,537.5285714285714
15365.0,3.0,290.0,315.0,697.3033333333333
15367.0,2.0,218.0,275.0,549.9549999999999
15370.0,6.0,292.0,332.0,330.81666666666666
15373.0,10.0,363.0,371.0,192.649
15376.0,2.0,182.0,222.0,284.57
15379.0,6.0,189.0,358.0,370.49500000000006
15380.0,4.0,357.0,365.0,359.79
15382.0,4.0,281.0,295.0,1209.8725
15392.0,3.0,356.0,360.0,399.9433333333333
15394.0,3.0,349.0,358.0,509.71000000000004
15399.0,2.0,78.0,79.0,247.56
15400.0,4.0,186.0,278.0,81.42500000000001
15407.0,3.0,272.0,305.0,225.25666666666666
15410.0,7.0,177.0,261.0,421.24142857142857
15411.0,3.0,156.0,182.0,394.09999999999997
15414.0,2.0,233.0,242.0,363.22
15416.0,3.0,218.0,282.0,851.1466666666666
15421.0,2.0,252.0,310.0,327.65
15426.0,3.0,350.0,369.0,336.2033333333333
15434.0,3.0,192.0,200.0,244.84
15436.0,2.0,222.0,234.0,315.78999999999996
15440.0,2.0,154.0,208.0,128.94
15443.0,6.0,319.0,320.0,457.78999999999996
15449.0,2.0,235.0,261.0,311.0
15452.0,2.0,235.0,264.0,145.74
15453.0,6.0,186.0,187.0,199.24833333333333
15462.0,2.0,93.0,187.0,64.8
15465.0,17.0,350.0,369.0,321.5394117647059
15467.0,2.0,143.0,152.0,110.005
15473.0,3.0,46.0,60.0,214.19999999999996
15482.0,8.0,343.0,358.0,864.72
15484.0,3.0,77.0,78.0,615.2766666666666
15485.0,2.0,343.0,373.0,778.615
15489.0,2.0,189.0,211.0,378.01
15491.0,4.0,140.0,235.0,490.985
15493.0,3.0,238.0,270.0,462.53999999999996
15498.0,16.0,364.0,366.0,745.23625
15500.0,3.0,73.0,81.0,227.48333333333335
15502.0,7.0,354.0,369.0,667.5871428571428
15505.0,4.0,103.0,155.0,593.895
15506.0,2.0,116.0,138.0,369.47
15508.0,3.0,46.0,235.0,222.65666666666667
15511.0,4.0,74.0,85.0,166.1825
15513.0,14.0,340.0,373.0,901.9328571428572
15514.0,7.0,352.0,364.0,273.4785714285714
15518.0,6.0,268.0,332.0,254.84833333333336
15521.0,5.0,214.0,254.0,404.69
15525.0,2.0,371.0,373.0,254.03000000000003
15527.0,7.0,336.0,354.0,293.3528571428572
15529.0,10.0,344.0,366.0,369.787
15530.0,3.0,225.0,246.0,312.27000000000004
15532.0,3.0,333.0,358.0,383.6466666666667
15533.0,2.0,70.0,89.0,168.46
15535.0,2.0,154.0,327.0,111.98
15544.0,8.0,363.0,372.0,397.55125
15547.0,11.0,355.0,362.0,360.91
15549.0,2.0,239.0,316.0,344.41
15550.0,3.0,297.0,301.0,137.45000000000002
15555.0,15.0,357.0,369.0,303.2073333333334
15561.0,2.0,204.0,215.0,258.145
15563.0,2.0,336.0,358.0,558.12
15568.0,2.0,71.0,73.0,256.72
15569.0,3.0,229.0,332.0,230.43666666666664
15570.0,11.0,362.0,369.0,325.47636363636366
15571.0,3.0,67.0,78.0,145.16
15572.0,4.0,274.0,278.0,518.5275
15574.0,2.0,195.0,372.0,148.725
15581.0,11.0,246.0,366.0,42.42818181818182
15582.0,2.0,196.0,220.0,189.65000000000003
15584.0,3.0,139.0,162.0,185.23333333333335
15587.0,3.0,301.0,351.0,140.52
15594.0,4.0,219.0,234.0,377.6725
15596.0,4.0,265.0,365.0,244.88
15601.0,13.0,361.0,372.0,451.38692307692315
15602.0,8.0,360.0,368.0,130.64375
15605.0,4.0,337.0,373.0,244.745
15606.0,8.0,263.0,324.0,321.75
15608.0,2.0,92.0,120.0,369.88
15611.0,11.0,325.0,334.0,103.8990909090909
15615.0,16.0,349.0,359.0,564.749375
15618.0,2.0,104.0,136.0,277.01
15620.0,2.0,302.0,358.0,541.655
15621.0,2.0,17.0,21.0,306.145
15622.0,4.0,239.0,282.0,752.8275
15624.0,3.0,140.0,256.0,138.13000000000002
15625.0,3.0,132.0,235.0,252.20333333333335
15628.0,8.0,362.0,366.0,319.1075
15632.0,7.0,259.0,274.0,413.74142857142857
15640.0,14.0,368.0,372.0,807.0771428571428
15641.0,3.0,254.0,359.0,533.1166666666667
15644.0,2.0,95.0,261.0,289.045
15646.0,2.0,215.0,372.0,122.495
15656.0,3.0,239.0,284.0,167.99666666666667
15658.0,4.0,182.0,372.0,167.375
15660.0,5.0,340.0,365.0,275.7
15669.0,3.0,223.0,263.0,149.92666666666665
15671.0,6.0,252.0,270.0,272.4433333333333
15673.0,3.0,239.0,327.0,622.91
15674.0,4.0,181.0,254.0,434.17999999999995
15675.0,2.0,199.0,280.0,143.69
15676.0,2.0,265.0,283.0,1226.69
15679.0,3.0,158.0,182.0,224.15666666666664
15680.0,2.0,357.0,366.0,421.035
15681.0,3.0,255.0,280.0,360.16
15687.0,7.0,322.0,330.0,363.2142857142857
15694.0,13.0,372.0,372.0,383.16615384615386
15696.0,7.0,293.0,326.0,302.8228571428572
15701.0,3.0,108.0,110.0,233.2266666666667
15704.0,2.0,75.0,215.0,677.88
15706.0,3.0,53.0,116.0,194.42
15707.0,3.0,51.0,86.0,258.0933333333333
15708.0,6.0,329.0,369.0,499.30833333333334
15712.0,4.0,278.0,287.0,173.69
15716.0,3.0,224.0,369.0,190.57000000000002
15719.0,12.0,305.0,337.0,384.685
15722.0,3.0,255.0,290.0,526.9166666666666
15727.0,6.0,343.0,359.0,592.765
15730.0,2.0,141.0,206.0,326.515
15737.0,6.0,228.0,242.0,117.71833333333335
15738.0,14.0,354.0,372.0,312.78499999999997
15743.0,3.0,168.0,184.0,153.48666666666668
15745.0,3.0,217.0,236.0,261.1333333333334
15747.0,2.0,160.0,172.0,346.945
15750.0,6.0,364.0,366.0,353.65333333333336
15752.0,6.0,333.0,372.0,400.05
15754.0,2.0,195.0,246.0,183.385
15755.0,5.0,284.0,294.0,405.544
15756.0,3.0,188.0,249.0,136.59333333333333
15759.0,2.0,140.0,358.0,77.9
15764.0,3.0,188.0,276.0,702.57
15768.0,2.0,110.0,225.0,131.615
15769.0,21.0,364.0,371.0,445.65714285714284
15777.0,2.0,120.0,361.0,236.78
15780.0,2.0,174.0,357.0,146.94
15781.0,2.0,280.0,305.0,127.165
15782.0,2.0,80.0,89.0,431.15
15785.0,3.0,263.0,295.0,373.81333333333333
15793.0,2.0,254.0,268.0,231.14999999999998
15796.0,7.0,301.0,302.0,329.1628571428572
15797.0,3.0,206.0,319.0,226.19999999999996
15799.0,2.0,259.0,334.0,311.355
15801.0,2.0,63.0,109.0,462.995
15804.0,12.0,198.0,198.0,283.1741666666667
15805.0,12.0,341.0,364.0,425.0925
15806.0,2.0,230.0,276.0,239.73000000000002
15808.0,3.0,63.0,369.0,894.5900000000001
15809.0,4.0,266.0,302.0,78.025
15810.0,3.0,218.0,296.0,324.13666666666666
15811.0,5.0,343.0,365.0,378.916
15812.0,4.0,210.0,317.0,277.93
15814.0,2.0,34.0,50.0,341.16499999999996
15815.0,4.0,196.0,259.0,300.755
15819.0,3.0,227.0,276.0,421.59666666666664
15827.0,10.0,299.0,372.0,159.086
15831.0,2.0,266.0,324.0,207.385
15834.0,2.0,207.0,277.0,466.73
15835.0,3.0,286.0,330.0,211.21
15838.0,14.0,356.0,367.0,786.1285714285714
15839.0,2.0,115.0,148.0,374.655
15841.0,3.0,266.0,338.0,288.00666666666666
15845.0,7.0,320.0,337.0,482.15285714285716
15854.0,9.0,357.0,361.0,296.96444444444444
15855.0,4.0,127.0,263.0,154.89000000000001
15856.0,20.0,361.0,365.0,639.6110000000001
15858.0,4.0,352.0,367.0,260.49
15860.0,7.0,328.0,368.0,117.64
15861.0,5.0,255.0,267.0,458.738
15862.0,3.0,365.0,373.0,155.04666666666668
15864.0,5.0,294.0,316.0,164.44400000000002
15865.0,2.0,173.0,213.0,245.5
15867.0,14.0,364.0,369.0,257.9707142857143
15874.0,5.0,221.0,284.0,610.5780000000001
15881.0,2.0,52.0,364.0,174.36
15885.0,2.0,217.0,309.0,167.525
15898.0,4.0,367.0,368.0,193.73499999999999
15901.0,2.0,138.0,154.0,129.42000000000002
15903.0,6.0,286.0,295.0,640.9466666666667
15906.0,4.0,236.0,255.0,279.5925
15907.0,2.0,207.0,210.0,356.20500000000004
15910.0,7.0,316.0,316.0,155.06
15916.0,6.0,350.0,366.0,208.47166666666666
15932.0,7.0,285.0,289.0,301.2114285714286
15933.0,2.0,65.0,86.0,347.825
15938.0,4.0,211.0,323.0,82.42
15939.0,13.0,242.0,331.0,214.90076923076924
15950.0,3.0,328.0,359.0,440.03000000000003
15952.0,3.0,192.0,225.0,186.57666666666668
15953.0,7.0,354.0,369.0,205.51
15955.0,9.0,348.0,372.0,403.10777777777776
15965.0,2.0,350.0,367.0,345.145
15969.0,2.0,183.0,185.0,138.3
15971.0,10.0,294.0,311.0,179.507
15974.0,6.0,249.0,288.0,443.37833333333333
15981.0,7.0,287.0,311.0,424.9028571428571
15983.0,3.0,351.0,373.0,341.06
15984.0,9.0,366.0,368.0,258.69666666666666
15987.0,5.0,356.0,368.0,188.344
15993.0,4.0,36.0,44.0,368.08500000000004
15996.0,5.0,278.0,366.0,149.726
15998.0,4.0,326.0,362.0,546.89
16003.0,3.0,330.0,359.0,514.7233333333334
16005.0,2.0,258.0,270.0,219.26999999999998
16007.0,3.0,168.0,215.0,446.7166666666667
16008.0,2.0,181.0,204.0,168.375
16009.0,3.0,137.0,159.0,171.04
16010.0,2.0,117.0,362.0,149.48000000000002
16011.0,15.0,358.0,366.0,206.97
16012.0,2.0,120.0,155.0,476.89500000000004
16013.0,27.0,368.0,371.0,433.64814814814815
16014.0,2.0,254.0,291.0,195.75
16015.0,2.0,46.0,49.0,186.885
16016.0,6.0,363.0,366.0,183.42499999999998
16019.0,8.0,318.0,364.0,427.14
16023.0,2.0,220.0,266.0,262.065
16027.0,5.0,211.0,302.0,45.71
16029.0,38.0,335.0,373.0,457.6365789473685
16033.0,17.0,364.0,369.0,499.1629411764706
16034.0,2.0,136.0,332.0,142.05
16037.0,2.0,89.0,358.0,224.49
16038.0,2.0,194.0,201.0,77.41499999999999
16040.0,2.0,203.0,268.0,434.02
16042.0,3.0,310.0,332.0,382.56333333333333
16043.0,3.0,280.0,317.0,135.1966666666667
16045.0,3.0,171.0,290.0,225.41666666666666
16049.0,2.0,35.0,75.0,311.135
16057.0,3.0,268.0,284.0,515.83
16059.0,5.0,302.0,367.0,265.152
16062.0,3.0,355.0,364.0,260.42
16066.0,4.0,108.0,124.0,300.11
16076.0,8.0,205.0,208.0,239.975
16079.0,2.0,24.0,40.0,223.05
16081.0,4.0,310.0,366.0,650.6600000000001
16085.0,4.0,297.0,320.0,199.15249999999997
16086.0,4.0,308.0,367.0,234.22000000000003
16092.0,2.0,140.0,254.0,249.245
16094.0,2.0,208.0,219.0,393.1
16098.0,6.0,286.0,373.0,232.28833333333333
16099.0,2.0,175.0,225.0,206.8
16102.0,2.0,86.0,128.0,491.29
16103.0,5.0,226.0,233.0,243.16
16107.0,6.0,166.0,183.0,271.32666666666665
16110.0,2.0,266.0,311.0,461.14
16112.0,3.0,195.0,338.0,51.00666666666666
16115.0,7.0,283.0,292.0,217.2657142857143
16122.0,3.0,293.0,366.0,153.07999999999998
16126.0,3.0,267.0,296.0,1761.0466666666664
16128.0,4.0,265.0,282.0,372.98
16131.0,3.0,188.0,239.0,766.0733333333334
16133.0,28.0,315.0,318.0,384.0857142857143
16136.0,2.0,218.0,277.0,267.46
16139.0,2.0,188.0,206.0,247.805
16143.0,5.0,366.0,369.0,360.988
16145.0,10.0,351.0,359.0,353.73900000000003
16146.0,2.0,75.0,232.0,154.12
16150.0,4.0,330.0,372.0,413.45
16153.0,4.0,305.0,354.0,381.47
16156.0,8.0,302.0,310.0,347.0475
16157.0,2.0,57.0,72.0,195.28500000000003
16161.0,18.0,367.0,368.0,289.1644444444444
16164.0,2.0,25.0,42.0,288.92
16168.0,24.0,359.0,369.0,118.97083333333335
16169.0,3.0,67.0,75.0,414.3066666666667
16170.0,5.0,198.0,248.0,318.904
16172.0,3.0,146.0,241.0,311.81666666666666
16173.0,5.0,83.0,98.0,197.17199999999997
16174.0,2.0,25.0,151.0,132.74
16175.0,3.0,146.0,240.0,243.97666666666666
16180.0,6.0,152.0,252.0,860.2683333333333
16182.0,3.0,222.0,294.0,427.68666666666667
16184.0,5.0,147.0,211.0,202.114
16186.0,9.0,350.0,372.0,404.4177777777778
16187.0,10.0,253.0,284.0,604.398
16188.0,3.0,198.0,242.0,279.7133333333333
16191.0,9.0,358.0,360.0,422.9422222222222
16201.0,3.0,106.0,109.0,519.4666666666667
16203.0,3.0,314.0,372.0,140.73333333333332
16205.0,3.0,149.0,179.0,213.30000000000004
16206.0,3.0,273.0,327.0,124.77
16209.0,4.0,158.0,246.0,209.17249999999999
16210.0,16.0,372.0,373.0,297.34875
16214.0,2.0,99.0,269.0,234.44000000000003
16218.0,5.0,344.0,373.0,442.34399999999994
16221.0,2.0,331.0,367.0,350.035
16224.0,3.0,192.0,249.0,370.68
16225.0,3.0,233.0,277.0,226.13000000000002
16226.0,2.0,32.0,235.0,55.260000000000005
16232.0,2.0,172.0,215.0,284.96500000000003
16233.0,2.0,295.0,366.0,194.64000000000001
16235.0,4.0,292.0,332.0,177.76
16241.0,11.0,360.0,369.0,212.47636363636363
16242.0,6.0,269.0,277.0,563.0649999999999
16245.0,2.0,233.0,256.0,463.045
16249.0,4.0,187.0,239.0,242.61
16255.0,7.0,349.0,365.0,306.7457142857143
16258.0,4.0,174.0,219.0,863.0675000000001
16261.0,3.0,229.0,246.0,163.47333333333333
16265.0,7.0,355.0,364.0,608.0342857142857
16266.0,5.0,133.0,206.0,114.19000000000001
16271.0,4.0,356.0,358.0,325.26
16279.0,2.0,155.0,176.0,572.0699999999999
16283.0,4.0,203.0,208.0,322.1475
16293.0,5.0,346.0,367.0,358.43600000000004
16295.0,3.0,55.0,64.0,315.9866666666667
16298.0,2.0,164.0,186.0,224.0
16303.0,2.0,308.0,333.0,2133.875
16306.0,5.0,154.0,367.0,112.55799999999999
16308.0,3.0,224.0,261.0,15.12
16316.0,6.0,294.0,358.0,348.7866666666667
16317.0,2.0,178.0,297.0,350.855
16325.0,2.0,199.0,245.0,201.71
16326.0,12.0,329.0,334.0,234.49666666666667
16327.0,5.0,355.0,369.0,639.404
16332.0,6.0,277.0,305.0,244.03333333333333
16333.0,12.0,302.0,309.0,144.45000000000002
16341.0,2.0,177.0,201.0,573.53
16342.0,3.0,104.0,179.0,58.120000000000005
16348.0,5.0,208.0,240.0,191.274
16350.0,3.0,312.0,333.0,244.64
16353.0,19.0,366.0,369.0,260.3931578947369
16356.0,2.0,80.0,277.0,54.885
16357.0,2.0,180.0,213.0,255.465
16358.0,3.0,183.0,184.0,521.7833333333334
16359.0,8.0,324.0,331.0,113.4625
16360.0,5.0,84.0,88.0,650.94
16361.0,3.0,62.0,71.0,175.25
16362.0,2.0,59.0,91.0,178.425
16365.0,7.0,350.0,367.0,162.79571428571427
16369.0,2.0,178.0,196.0,592.405
16370.0,3.0,143.0,225.0,320.91
16378.0,2.0,63.0,310.0,109.375
16379.0,3.0,74.0,78.0,554.24
16385.0,2.0,306.0,366.0,203.82999999999998
16389.0,3.0,230.0,283.0,353.25333333333333
16393.0,12.0,367.0,369.0,238.52666666666667
16394.0,4.0,233.0,289.0,202.3875
16395.0,4.0,270.0,330.0,292.5825
16401.0,11.0,326.0,327.0,274.25272727272727
16407.0,8.0,300.0,312.0,226.285
16409.0,4.0,281.0,317.0,425.925
16416.0,2.0,30.0,56.0,322.885
16418.0,2.0,182.0,226.0,245.555
16419.0,4.0,199.0,311.0,151.0175
16422.0,47.0,352.0,369.0,379.65829787234037
16426.0,6.0,274.0,276.0,265.71999999999997
16434.0,6.0,270.0,299.0,179.38833333333332
16438.0,4.0,77.0,82.0,147.6825
16440.0,4.0,207.0,214.0,839.8125
16442.0,2.0,359.0,360.0,231.73000000000002
16444.0,3.0,218.0,264.0,173.89666666666668
16455.0,5.0,308.0,371.0,292.288
16456.0,4.0,274.0,373.0,337.9275
16458.0,17.0,358.0,360.0,193.46470588235294
16460.0,2.0,53.0,81.0,276.005
16462.0,2.0,210.0,283.0,51.0
16463.0,3.0,183.0,204.0,373.51666666666665
16464.0,2.0,123.0,142.0,446.385
16466.0,6.0,259.0,292.0,241.1833333333333
16469.0,2.0,223.0,246.0,185.0
16470.0,3.0,307.0,358.0,183.84666666666666
16473.0,2.0,172.0,336.0,83.35
16474.0,5.0,138.0,145.0,302.144
16475.0,3.0,185.0,273.0,46.53333333333334
16477.0,6.0,308.0,371.0,379.575
16478.0,2.0,40.0,65.0,64.05
16488.0,2.0,115.0,148.0,123.38
16493.0,3.0,250.0,329.0,391.3933333333334
16496.0,2.0,308.0,316.0,431.555
16497.0,4.0,284.0,333.0,643.6525
16500.0,4.0,326.0,330.0,58.965
16503.0,3.0,254.0,360.0,303.34666666666664
16511.0,2.0,245.0,266.0,289.98
16513.0,3.0,39.0,43.0,255.38
16515.0,4.0,259.0,311.0,310.5375
16520.0,2.0,179.0,365.0,352.20500000000004
16523.0,17.0,314.0,315.0,503.82058823529417
16525.0,25.0,364.0,366.0,389.7164
16531.0,6.0,338.0,360.0,187.35333333333332
16532.0,2.0,321.0,338.0,179.10000000000002
16533.0,2.0,49.0,68.0,352.155
16539.0,3.0,371.0,373.0,315.4866666666667
16549.0,7.0,324.0,334.0,571.7085714285714
16550.0,4.0,260.0,368.0,425.1675
16551.0,2.0,241.0,336.0,218.975
16553.0,5.0,197.0,360.0,558.816
16554.0,2.0,289.0,331.0,414.48499999999996
16556.0,6.0,294.0,360.0,486.4983333333333
16558.0,19.0,366.0,366.0,388.218947368421
16566.0,4.0,277.0,292.0,108.57
16570.0,8.0,296.0,311.0,387.495
16571.0,2.0,255.0,281.0,498.335
16572.0,2.0,148.0,275.0,317.65999999999997
16589.0,2.0,90.0,161.0,170.78
16592.0,8.0,283.0,287.0,443.03875
16593.0,2.0,277.0,327.0,121.92
16600.0,5.0,334.0,338.0,142.04000000000002
16607.0,13.0,341.0,358.0,209.0153846153846
16609.0,6.0,237.0,252.0,816.5566666666667
16612.0,3.0,279.0,311.0,302.5366666666667
16618.0,3.0,291.0,322.0,580.9733333333334
16621.0,3.0,226.0,277.0,174.09
16626.0,16.0,266.0,266.0,187.36124999999998
16628.0,4.0,205.0,234.0,457.75
16633.0,5.0,217.0,234.0,463.456
16637.0,3.0,193.0,225.0,272.02666666666664
16638.0,9.0,346.0,368.0,172.8111111111111
16639.0,2.0,204.0,235.0,456.505
16652.0,4.0,215.0,273.0,1059.1725000000001
16654.0,3.0,227.0,368.0,121.37
16655.0,5.0,314.0,331.0,562.126
16656.0,14.0,342.0,364.0,224.50857142857143
16657.0,3.0,245.0,254.0,237.55000000000004
16660.0,2.0,303.0,319.0,273.465
16668.0,5.0,269.0,284.0,51.19199999999999
16670.0,9.0,342.0,358.0,404.0622222222222
16671.0,2.0,136.0,164.0,82.455
16672.0,17.0,264.0,266.0,359.0035294117647
16676.0,3.0,304.0,337.0,346.2
16678.0,11.0,280.0,282.0,253.51727272727274
16681.0,5.0,181.0,253.0,273.51599999999996
16682.0,4.0,183.0,187.0,111.71000000000001
16684.0,15.0,354.0,358.0,1250.1706666666666
16686.0,6.0,308.0,355.0,424.16833333333335
16688.0,3.0,59.0,60.0,353.1166666666666
16696.0,3.0,113.0,248.0,207.5
16700.0,12.0,358.0,366.0,394.3183333333333
16701.0,11.0,353.0,361.0,322.7590909090909
16705.0,11.0,358.0,358.0,1028.8663636363638
16706.0,2.0,77.0,114.0,110.99000000000001
16709.0,3.0,197.0,281.0,578.7466666666668
16710.0,8.0,349.0,368.0,255.0025
16711.0,4.0,354.0,357.0,275.6775
16712.0,8.0,267.0,276.0,394.13125
16713.0,14.0,348.0,366.0,426.49571428571426
16717.0,5.0,343.0,366.0,689.1
16719.0,6.0,354.0,368.0,216.33333333333334
16722.0,12.0,351.0,368.0,342.2675
16725.0,5.0,69.0,371.0,129.036
16726.0,3.0,335.0,361.0,419.70666666666665
16728.0,3.0,218.0,264.0,273.31
16729.0,18.0,203.0,241.0,373.16055555555556
16730.0,2.0,267.0,319.0,278.68
16735.0,3.0,256.0,334.0,533.6999999999999
16743.0,5.0,329.0,358.0,365.0
16744.0,6.0,162.0,173.0,192.56333333333336
16745.0,16.0,225.0,311.0,353.835
16746.0,16.0,354.0,358.0,387.871875
16748.0,4.0,317.0,334.0,259.225
16750.0,4.0,188.0,232.0,119.345
16755.0,2.0,201.0,315.0,581.3
16762.0,2.0,125.0,144.0,562.165
16764.0,12.0,140.0,143.0,217.3033333333333
16767.0,7.0,286.0,316.0,502.3414285714286
16768.0,2.0,224.0,271.0,128.92000000000002
16770.0,4.0,315.0,372.0,152.8075
16771.0,4.0,305.0,338.0,476.865
16774.0,3.0,111.0,178.0,172.70666666666668
16775.0,10.0,357.0,367.0,138.627
16779.0,20.0,364.0,366.0,466.24750000000006
16782.0,12.0,355.0,365.0,156.4
16790.0,5.0,34.0,37.0,176.282
16791.0,5.0,303.0,332.0,284.338
16794.0,8.0,179.0,180.0,120.04625
16801.0,3.0,110.0,273.0,255.01000000000002
16806.0,3.0,136.0,239.0,181.08666666666667
16807.0,2.0,128.0,270.0,371.93
16809.0,4.0,239.0,262.0,175.17000000000002
16813.0,9.0,196.0,204.0,162.89444444444445
16814.0,20.0,355.0,369.0,305.828
16816.0,3.0,255.0,358.0,115.72000000000001
16817.0,8.0,366.0,368.0,158.88375000000002
16818.0,10.0,195.0,205.0,274.31100000000004
16832.0,2.0,33.0,217.0,53.9
16833.0,2.0,333.0,334.0,398.525
16837.0,8.0,214.0,245.0,354.05875000000003
16839.0,31.0,361.0,369.0,359.65516129032255
16841.0,5.0,251.0,287.0,330.648
16842.0,2.0,202.0,302.0,363.31
16843.0,11.0,285.0,327.0,830.5945454545455
16851.0,2.0,47.0,51.0,116.27999999999999
16866.0,2.0,21.0,161.0,49.485
16869.0,3.0,153.0,175.0,206.74
16871.0,4.0,248.0,270.0,552.98
16872.0,2.0,107.0,184.0,46.660000000000004
16873.0,5.0,360.0,364.0,958.124
16875.0,3.0,272.0,339.0,569.85
16877.0,5.0,196.0,208.0,154.90800000000002
16880.0,5.0,159.0,189.0,241.58800000000002
16882.0,2.0,251.0,317.0,343.59000000000003
16885.0,2.0,342.0,357.0,141.82
16889.0,2.0,142.0,336.0,510.26
16891.0,4.0,370.0,371.0,140.2375
16892.0,3.0,182.0,183.0,124.72333333333334
16898.0,2.0,342.0,368.0,205.715
16899.0,5.0,353.0,360.0,217.842
16900.0,2.0,47.0,63.0,74.755
16904.0,14.0,363.0,367.0,236.10142857142858
16905.0,5.0,366.0,371.0,553.96
16906.0,3.0,167.0,248.0,126.79
16907.0,4.0,336.0,365.0,188.8
16910.0,7.0,87.0,91.0,196.23142857142858
16912.0,5.0,295.0,323.0,427.816
16915.0,5.0,274.0,283.0,84.852
16918.0,4.0,268.0,317.0,198.455
16919.0,10.0,212.0,368.0,239.385
16923.0,16.0,350.0,362.0,390.0875
16924.0,2.0,63.0,84.0,296.31
16927.0,2.0,246.0,361.0,69.235
16928.0,16.0,293.0,373.0,162.126875
16929.0,6.0,152.0,155.0,178.4283333333333
16931.0,19.0,364.0,369.0,238.35157894736844
16938.0,3.0,300.0,308.0,540.3033333333333
16940.0,2.0,237.0,289.0,1146.605
16942.0,7.0,215.0,227.0,230.45285714285714
16943.0,2.0,107.0,318.0,167.95
16945.0,12.0,337.0,358.0,339.45250000000004
16948.0,2.0,187.0,325.0,132.85
16949.0,5.0,313.0,316.0,144.228
16950.0,2.0,311.0,367.0,473.0
16951.0,2.0,170.0,304.0,118.91
16954.0,7.0,359.0,359.0,218.90714285714284
16955.0,3.0,189.0,373.0,120.22333333333331
16960.0,2.0,214.0,252.0,152.76
16966.0,6.0,232.0,240.0,136.26166666666666
16969.0,2.0,152.0,191.0,123.395
16979.0,5.0,294.0,297.0,292.794
16983.0,6.0,357.0,369.0,288.9766666666667
16985.0,6.0,341.0,358.0,710.9966666666666
16987.0,5.0,202.0,205.0,274.54
16989.0,5.0,143.0,150.0,45.87
16992.0,4.0,274.0,284.0,285.795
16996.0,4.0,323.0,353.0,330.665
16997.0,2.0,37.0,325.0,152.1
16998.0,2.0,155.0,304.0,78.80000000000001
17001.0,10.0,358.0,358.0,348.336
17002.0,2.0,205.0,290.0,460.665
17006.0,3.0,71.0,75.0,164.47666666666666
17007.0,4.0,307.0,357.0,166.9875
17014.0,2.0,58.0,66.0,196.32
17015.0,2.0,157.0,185.0,662.51
17017.0,15.0,370.0,372.0,458.31999999999994
17019.0,3.0,357.0,368.0,304.22333333333336
17024.0,2.0,112.0,157.0,32.3
17027.0,4.0,239.0,317.0,174.685
17033.0,2.0,273.0,359.0,261.59999999999997
17034.0,2.0,271.0,287.0,297.885
17041.0,2.0,334.0,360.0,387.635
17042.0,4.0,245.0,247.0,194.8325
17043.0,3.0,234.0,266.0,494.3
17045.0,2.0,134.0,247.0,134.87
17048.0,2.0,214.0,331.0,317.745
17049.0,7.0,273.0,275.0,671.8757142857143
17050.0,5.0,203.0,299.0,604.862
17054.0,4.0,217.0,245.0,239.26749999999998
17058.0,2.0,158.0,239.0,290.435
17059.0,4.0,340.0,369.0,569.8275
17061.0,8.0,159.0,232.0,329.71000000000004
17062.0,3.0,56.0,369.0,124.17666666666668
17063.0,3.0,268.0,289.0,375.5366666666667
17064.0,2.0,269.0,327.0,335.85
17068.0,20.0,356.0,368.0,217.69700000000003
17069.0,7.0,345.0,373.0,336.8671428571429
17071.0,7.0,281.0,309.0,302.39428571428573
17073.0,3.0,92.0,109.0,323.96
17075.0,3.0,300.0,317.0,210.45333333333335
17076.0,2.0,328.0,364.0,303.26
17083.0,2.0,194.0,303.0,357.21
17085.0,4.0,239.0,362.0,277.0775
17086.0,5.0,56.0,63.0,260.59399999999994
17088.0,3.0,225.0,253.0,317.84
17090.0,6.0,350.0,354.0,297.72
17091.0,6.0,365.0,367.0,579.6266666666667
17092.0,3.0,227.0,277.0,544.7333333333333
17095.0,2.0,312.0,334.0,499.03
17096.0,3.0,246.0,261.0,282.03000000000003
17101.0,3.0,168.0,178.0,382.48
17107.0,4.0,245.0,278.0,1926.1775
17109.0,3.0,203.0,232.0,142.33666666666667
17114.0,7.0,329.0,334.0,88.25285714285714
17115.0,2.0,225.0,233.0,260.885
17126.0,2.0,210.0,362.0,404.14
17131.0,3.0,70.0,75.0,541.75
17133.0,5.0,251.0,266.0,274.872
17135.0,4.0,355.0,371.0,175.2875
17139.0,8.0,273.0,288.0,969.27
17146.0,2.0,253.0,358.0,147.815
17147.0,3.0,289.0,311.0,405.14333333333326
17158.0,2.0,328.0,360.0,422.28999999999996
17159.0,2.0,150.0,171.0,517.575
17160.0,5.0,210.0,241.0,579.4159999999999
17162.0,5.0,277.0,305.0,256.03000000000003
17164.0,4.0,241.0,273.0,454.7675
17173.0,6.0,126.0,131.0,539.3866666666667
17175.0,3.0,252.0,296.0,255.04
17179.0,2.0,183.0,361.0,233.73000000000002
17180.0,2.0,260.0,316.0,270.88
17183.0,5.0,98.0,105.0,543.5600000000001
17188.0,5.0,351.0,362.0,379.022
17191.0,4.0,340.0,368.0,383.3725
17193.0,4.0,141.0,176.0,231.35500000000002
17198.0,2.0,348.0,371.0,197.82
17203.0,2.0,25.0,60.0,810.34
17204.0,2.0,88.0,263.0,362.57500000000005
17211.0,7.0,343.0,369.0,287.17
17213.0,5.0,326.0,366.0,484.66400000000004
17214.0,5.0,299.0,359.0,155.504
17218.0,9.0,364.0,368.0,182.46222222222224
17220.0,9.0,340.0,364.0,314.55111111111114
17227.0,5.0,350.0,368.0,132.696
17228.0,7.0,357.0,372.0,248.24714285714285
17230.0,3.0,95.0,359.0,545.7733333333334
17231.0,9.0,349.0,361.0,321.2977777777778
17236.0,5.0,350.0,362.0,152.404
17238.0,14.0,369.0,371.0,237.05428571428573
17243.0,25.0,368.0,369.0,314.4056
17262.0,3.0,314.0,366.0,206.81333333333336
17266.0,2.0,145.0,147.0,99.015
17268.0,3.0,138.0,245.0,45.50666666666666
17272.0,3.0,220.0,262.0,494.2233333333333
17282.0,2.0,169.0,299.0,156.9
17284.0,5.0,276.0,336.0,190.56400000000002
17287.0,6.0,346.0,372.0,143.375
17288.0,6.0,349.0,358.0,199.52333333333334
17289.0,2.0,149.0,180.0,388.885
17293.0,7.0,353.0,361.0,204.21142857142857
17299.0,3.0,162.0,173.0,168.68
17302.0,4.0,291.0,305.0,234.26500000000001
17306.0,14.0,343.0,353.0,249.95142857142858
17312.0,2.0,21.0,159.0,96.25
17314.0,7.0,288.0,312.0,321.6714285714285
17315.0,34.0,356.0,357.0,162.36558823529413
17317.0,2.0,43.0,89.0,38.160000000000004
17320.0,2.0,268.0,368.0,363.49
17323.0,6.0,277.0,292.0,130.40166666666667
17324.0,3.0,349.0,366.0,190.09333333333333
17337.0,3.0,159.0,310.0,327.05333333333334
17338.0,7.0,344.0,361.0,829.7785714285716
17340.0,7.0,337.0,366.0,1326.2528571428572
17345.0,2.0,181.0,196.0,194.29500000000002
17346.0,13.0,370.0,373.0,188.97153846153847
17348.0,4.0,283.0,297.0,253.85
17350.0,2.0,43.0,51.0,556.915
17351.0,2.0,237.0,273.0,194.125
17361.0,2.0,242.0,291.0,213.9
17364.0,9.0,331.0,331.0,444.2077777777778
17365.0,6.0,320.0,332.0,647.8966666666666
17368.0,7.0,314.0,337.0,165.1857142857143
17370.0,3.0,97.0,169.0,119.74666666666667
17372.0,7.0,322.0,362.0,165.8014285714286
17373.0,3.0,272.0,312.0,167.22333333333333
17375.0,2.0,162.0,361.0,149.79
17377.0,19.0,350.0,373.0,203.8821052631579
17381.0,19.0,364.0,372.0,235.28684210526316
17386.0,3.0,158.0,165.0,248.96666666666667
17388.0,3.0,210.0,287.0,79.60000000000001
17389.0,31.0,331.0,331.0,595.6896774193549
17396.0,3.0,332.0,371.0,944.3133333333334
17398.0,2.0,141.0,255.0,157.575
17400.0,4.0,227.0,353.0,407.985
17402.0,11.0,365.0,369.0,142.89636363636365
17405.0,2.0,149.0,150.0,315.98
17410.0,4.0,199.0,215.0,211.9275
17411.0,2.0,249.0,261.0,246.68
17412.0,6.0,370.0,372.0,180.39333333333332
17416.0,6.0,252.0,281.0,703.085
17419.0,10.0,356.0,367.0,375.256
17420.0,2.0,323.0,373.0,221.09
17422.0,5.0,280.0,296.0,317.664
17426.0,3.0,274.0,282.0,1185.17
17428.0,20.0,368.0,368.0,594.1385
17429.0,2.0,90.0,218.0,174.29000000000002
17434.0,6.0,83.0,85.0,312.8666666666667
17442.0,5.0,254.0,290.0,358.08000000000004
17449.0,5.0,357.0,359.0,365.27599999999995
17450.0,26.0,359.0,367.0,1306.686923076923
17451.0,4.0,104.0,105.0,350.8525
17454.0,3.0,167.0,359.0,117.27
17457.0,4.0,213.0,339.0,205.0125
17460.0,5.0,279.0,373.0,118.49600000000001
17463.0,4.0,297.0,313.0,289.835
17469.0,4.0,188.0,204.0,388.5025
17470.0,4.0,323.0,367.0,235.0775
17472.0,2.0,108.0,299.0,230.995
17481.0,3.0,90.0,93.0,329.2133333333333
17483.0,2.0,118.0,183.0,129.47
17490.0,5.0,176.0,176.0,304.072
17491.0,9.0,366.0,367.0,325.40777777777777
17500.0,2.0,12.0,29.0,42.5
17502.0,3.0,20.0,29.0,148.81333333333333
17504.0,5.0,116.0,322.0,466.36400000000003
17509.0,2.0,6.0,63.0,898.14
17511.0,27.0,371.0,373.0,1798.1137037037038
17512.0,9.0,273.0,301.0,193.82666666666668
17515.0,3.0,287.0,318.0,125.89666666666666
17516.0,3.0,270.0,285.0,139.22
17519.0,5.0,351.0,368.0,279.024
17521.0,2.0,170.0,199.0,278.575
17522.0,4.0,217.0,218.0,221.6275
17523.0,2.0,8.0,19.0,92.21
17526.0,3.0,361.0,365.0,284.4666666666667
17527.0,3.0,165.0,218.0,212.48666666666668
17528.0,6.0,70.0,71.0,383.8866666666667
17530.0,8.0,364.0,365.0,253.5
17552.0,2.0,312.0,372.0,316.905
17554.0,4.0,147.0,148.0,254.08
17557.0,2.0,67.0,81.0,127.27000000000001
17560.0,3.0,216.0,310.0,196.82333333333335
17562.0,6.0,159.0,173.0,137.04666666666668
17564.0,2.0,56.0,80.0,167.445
17567.0,7.0,365.0,372.0,448.17857142857144
17571.0,3.0,248.0,298.0,394.07666666666665
17572.0,3.0,302.0,373.0,51.01666666666667
17573.0,2.0,64.0,93.0,104.86500000000001
17576.0,17.0,357.0,365.0,200.06529411764706
17579.0,2.0,175.0,179.0,142.575
17580.0,2.0,106.0,358.0,84.695
17581.0,9.0,372.0,372.0,1075.7233333333334
17585.0,3.0,229.0,338.0,261.3066666666667
17588.0,2.0,132.0,232.0,249.96
17589.0,3.0,180.0,240.0,583.4133333333334
17590.0,2.0,38.0,40.0,553.86
17591.0,6.0,294.0,367.0,301.92833333333334
17593.0,4.0,349.0,352.0,792.8125
17596.0,6.0,345.0,368.0,321.32666666666665
17602.0,5.0,322.0,324.0,816.514
17609.0,3.0,287.0,327.0,227.65666666666667
17611.0,13.0,354.0,361.0,287.5623076923077
17612.0,5.0,244.0,297.0,336.454
17613.0,10.0,283.0,305.0,390.587
17615.0,2.0,92.0,222.0,87.19999999999999
17616.0,2.0,194.0,367.0,86.69999999999999
17618.0,2.0,357.0,362.0,270.9
17621.0,2.0,333.0,354.0,544.75
17625.0,3.0,239.0,257.0,501.53666666666663
17629.0,7.0,354.0,359.0,228.22714285714287
17631.0,2.0,231.0,232.0,122.07
17633.0,3.0,89.0,120.0,330.65000000000003
17634.0,8.0,301.0,337.0,194.78625
17644.0,7.0,259.0,260.0,346.2071428571429
17646.0,2.0,146.0,365.0,370.94500000000005
17648.0,2.0,189.0,249.0,587.7
17651.0,8.0,166.0,177.0,451.52625
17652.0,11.0,256.0,281.0,406.97818181818184
17653.0,3.0,84.0,120.0,231.59333333333333
17655.0,6.0,356.0,366.0,303.0733333333333
17656.0,4.0,55.0,128.0,340.9575
17659.0,11.0,355.0,372.0,240.89
17663.0,6.0,262.0,287.0,224.09500000000003
17667.0,3.0,232.0,298.0,360.17
17669.0,6.0,207.0,249.0,316.37666666666667
17671.0,3.0,350.0,365.0,311.25666666666666
17673.0,5.0,319.0,320.0,244.68
17675.0,28.0,366.0,367.0,687.7046428571429
17676.0,5.0,362.0,366.0,217.308
17677.0,17.0,367.0,368.0,494.26882352941175
17682.0,5.0,358.0,368.0,410.534
17685.0,6.0,356.0,372.0,429.785
17686.0,4.0,295.0,302.0,1014.2675
17690.0,13.0,343.0,373.0,290.54846153846154
17692.0,3.0,232.0,359.0,134.4
17696.0,6.0,326.0,364.0,348.8616666666667
17700.0,3.0,265.0,281.0,641.2066666666666
17702.0,3.0,176.0,206.0,308.45666666666665
17703.0,2.0,103.0,138.0,284.79999999999995
17705.0,8.0,298.0,301.0,210.35750000000002
17706.0,11.0,362.0,366.0,849.019090909091
17716.0,8.0,245.0,267.0,612.1475
17719.0,14.0,218.0,255.0,334.9185714285714
17720.0,3.0,341.0,367.0,331.99333333333334
17722.0,3.0,270.0,366.0,426.25666666666666
17723.0,5.0,87.0,214.0,157.32
17724.0,2.0,67.0,138.0,325.70000000000005
17725.0,10.0,251.0,267.0,301.2
17728.0,2.0,83.0,86.0,1239.52
17730.0,12.0,323.0,326.0,397.2375
17731.0,2.0,104.0,183.0,284.545
17734.0,2.0,180.0,233.0,288.425
17735.0,17.0,365.0,367.0,739.1158823529413
17736.0,2.0,104.0,113.0,19.25
17738.0,2.0,263.0,282.0,521.8900000000001
17739.0,6.0,349.0,360.0,367.055
17744.0,5.0,355.0,358.0,372.908
17750.0,8.0,159.0,164.0,170.68
17754.0,4.0,260.0,260.0,294.8375
17757.0,29.0,371.0,372.0,179.54862068965517
17758.0,5.0,231.0,250.0,570.17
17765.0,2.0,98.0,256.0,123.31500000000001
17768.0,2.0,158.0,166.0,874.315
17769.0,9.0,308.0,320.0,392.05222222222227
17770.0,3.0,84.0,282.0,176.63333333333335
17774.0,3.0,209.0,305.0,321.06
17777.0,2.0,76.0,100.0,236.755
17779.0,2.0,122.0,143.0,170.07
17787.0,3.0,219.0,371.0,374.37000000000006
17790.0,11.0,338.0,364.0,163.92818181818183
17796.0,3.0,329.0,369.0,191.58333333333334
17799.0,8.0,339.0,361.0,340.9725
17800.0,8.0,297.0,334.0,128.145
17802.0,2.0,290.0,372.0,599.275
17809.0,9.0,357.0,373.0,440.11555555555555
17811.0,37.0,329.0,333.0,187.63108108108108
17812.0,3.0,356.0,368.0,155.15333333333334
17813.0,4.0,57.0,71.0,338.6875
17816.0,3.0,329.0,365.0,6.783333333333334
17819.0,6.0,300.0,371.0,422.41
17827.0,2.0,359.0,364.0,358.71500000000003
17830.0,2.0,287.0,288.0,104.375
17835.0,2.0,21.0,23.0,116.32
17837.0,7.0,121.0,163.0,199.98714285714286
17838.0,4.0,346.0,372.0,454.04999999999995
17841.0,111.0,372.0,373.0,349.0796396396396
17848.0,8.0,277.0,358.0,82.975
17849.0,3.0,115.0,333.0,76.93333333333334
17856.0,3.0,280.0,281.0,156.61333333333334
17857.0,19.0,361.0,365.0,163.44947368421052
17858.0,11.0,364.0,369.0,304.79636363636365
17861.0,6.0,316.0,319.0,298.4166666666667
17863.0,5.0,310.0,369.0,543.008
17864.0,2.0,263.0,275.0,205.97500000000002
17865.0,15.0,334.0,364.0,567.4673333333334
17867.0,3.0,258.0,288.0,215.53
17869.0,3.0,261.0,368.0,58.27
17870.0,8.0,364.0,366.0,194.19125
17873.0,4.0,293.0,373.0,354.5625
17874.0,2.0,70.0,255.0,292.415
17883.0,3.0,243.0,246.0,179.52666666666667
17884.0,3.0,368.0,371.0,182.15666666666664
17886.0,2.0,218.0,249.0,279.76
17888.0,7.0,336.0,357.0,88.67571428571429
17892.0,2.0,99.0,155.0,51.0
17894.0,7.0,295.0,366.0,139.61714285714285
17897.0,2.0,201.0,373.0,166.595
17905.0,3.0,302.0,373.0,128.4466666666667
17912.0,3.0,54.0,364.0,66.5
17917.0,2.0,317.0,362.0,112.26
17920.0,16.0,369.0,373.0,218.589375
17921.0,3.0,202.0,266.0,181.89
17924.0,4.0,362.0,373.0,521.2950000000001
17929.0,3.0,297.0,308.0,204.0
17930.0,4.0,204.0,239.0,245.46
17932.0,2.0,182.0,211.0,371.28
17937.0,6.0,354.0,362.0,390.32
17940.0,8.0,253.0,302.0,25.6325
17949.0,28.0,370.0,371.0,263.00357142857143
17951.0,2.0,334.0,373.0,243.54000000000002
17954.0,11.0,366.0,371.0,194.27818181818182
17955.0,2.0,21.0,219.0,77.175
17961.0,34.0,351.0,372.0,29.616176470588236
17965.0,12.0,332.0,369.0,210.06333333333336
17966.0,3.0,224.0,261.0,157.13
17974.0,2.0,195.0,219.0,292.83
17975.0,12.0,351.0,366.0,345.39000000000004
17979.0,2.0,224.0,259.0,257.31
17980.0,2.0,194.0,359.0,178.805
17988.0,4.0,315.0,326.0,31.3325
17990.0,2.0,125.0,361.0,231.42000000000002
17994.0,3.0,169.0,290.0,106.43333333333334
17997.0,7.0,90.0,164.0,224.99428571428572
18008.0,7.0,248.0,318.0,61.66857142857143
18016.0,4.0,332.0,364.0,291.0675
18017.0,2.0,229.0,310.0,64.44
18036.0,2.0,213.0,245.0,147.41
18037.0,5.0,208.0,362.0,7.653999999999999
18041.0,19.0,361.0,372.0,185.59421052631578
18043.0,2.0,342.0,366.0,115.185
18044.0,9.0,356.0,360.0,213.32333333333335
18055.0,9.0,362.0,369.0,683.9022222222222
18059.0,2.0,44.0,67.0,92.03
18061.0,9.0,345.0,366.0,170.1788888888889
18062.0,2.0,164.0,337.0,272.735
18065.0,5.0,359.0,364.0,404.27200000000005
18069.0,4.0,301.0,327.0,436.36249999999995
18073.0,9.0,83.0,197.0,195.93333333333334
18075.0,9.0,337.0,360.0,260.53555555555556
18077.0,10.0,358.0,366.0,239.67
18079.0,2.0,193.0,238.0,692.88
18081.0,2.0,97.0,133.0,111.46000000000001
18092.0,9.0,363.0,365.0,630.9066666666666
18093.0,3.0,209.0,302.0,299.48
18094.0,4.0,210.0,291.0,457.095
18096.0,2.0,52.0,63.0,397.845
18097.0,4.0,347.0,354.0,601.52
18102.0,25.0,367.0,367.0,2112.8432000000003
18109.0,24.0,368.0,369.0,259.7320833333333
18116.0,7.0,297.0,364.0,176.3114285714286
18118.0,25.0,359.0,369.0,197.9104
18122.0,5.0,142.0,150.0,337.546
18125.0,3.0,287.0,316.0,194.09333333333333
18130.0,2.0,42.0,57.0,367.09000000000003
18135.0,4.0,161.0,190.0,114.7225
18136.0,2.0,256.0,319.0,247.67000000000002
18144.0,10.0,366.0,373.0,169.35399999999998
18145.0,3.0,300.0,312.0,742.8499999999999
18149.0,2.0,223.0,273.0,145.07
18150.0,2.0,169.0,201.0,169.5
18155.0,2.0,216.0,291.0,126.325
18161.0,4.0,304.0,319.0,315.2575
18167.0,2.0,82.0,105.0,443.19000000000005
18168.0,5.0,196.0,372.0,178.692
18170.0,2.0,184.0,217.0,321.55
18171.0,4.0,275.0,333.0,230.9275
18172.0,13.0,275.0,289.0,327.6523076923077
18173.0,3.0,188.0,274.0,312.38000000000005
18177.0,5.0,224.0,255.0,234.47400000000002
18178.0,3.0,236.0,364.0,430.37000000000006
18179.0,5.0,327.0,336.0,254.23200000000003
18180.0,5.0,138.0,142.0,306.98199999999997
18188.0,2.0,275.0,290.0,641.72
18198.0,16.0,332.0,336.0,202.92125
18204.0,2.0,121.0,192.0,718.01
18210.0,5.0,266.0,267.0,487.804
18211.0,4.0,253.0,278.0,117.3125
18219.0,8.0,366.0,368.0,224.30374999999998
18221.0,4.0,189.0,211.0,201.19
18223.0,12.0,354.0,358.0,479.34083333333336
18225.0,11.0,362.0,365.0,480.25181818181824
18226.0,10.0,293.0,337.0,477.01099999999997
18229.0,19.0,362.0,373.0,321.5473684210526
18230.0,6.0,293.0,302.0,369.4566666666667
18231.0,4.0,96.0,288.0,438.63
18232.0,3.0,116.0,197.0,158.54
18235.0,2.0,146.0,217.0,653.12
18236.0,5.0,211.0,240.0,151.808
18237.0,4.0,132.0,134.0,159.6375
18239.0,4.0,154.0,372.0,275.90250000000003
18241.0,16.0,208.0,217.0,105.706875
18242.0,2.0,141.0,213.0,879.1300000000001
18245.0,4.0,348.0,355.0,540.1
18257.0,6.0,257.0,296.0,326.27666666666664
18259.0,2.0,342.0,366.0,981.1500000000001
18260.0,5.0,186.0,358.0,464.30600000000004
18263.0,2.0,227.0,252.0,467.5799999999999
18272.0,5.0,244.0,246.0,485.688
18273.0,2.0,255.0,257.0,71.4
18283.0,13.0,334.0,337.0,152.43615384615384
18287.0,2.0,159.0,201.0,493.94
